id,c1,c2,c3
1,0.23251034319400787,0.3293284475803375,0.4381612539291382
2,0.23071680963039398,0.5392551422119141,0.23002804815769196
3,0.5455794930458069,0.22679755091667175,0.22762298583984375
4,0.5423970818519592,0.23670203983783722,0.22090084850788116
5,0.5501004457473755,0.22941721975803375,0.22048233449459076
6,0.2373446822166443,0.23629659414291382,0.5263587832450867
7,0.5511122345924377,0.22600910067558289,0.22287867963314056
8,0.2263704091310501,0.22351951897144318,0.5501101016998291
9,0.41676920652389526,0.3191498816013336,0.26408088207244873
10,0.5482003688812256,0.22345133125782013,0.22834834456443787
11,0.549895703792572,0.22453159093856812,0.22557270526885986
12,0.542114794254303,0.22984996438026428,0.22803524136543274
13,0.5363669395446777,0.22646765410900116,0.2371654212474823
14,0.22450904548168182,0.5485321283340454,0.22695887088775635
15,0.5559831857681274,0.22122696042060852,0.22278985381126404
16,0.5290923714637756,0.2174350470304489,0.2534726560115814
17,0.5540111660957336,0.22206009924411774,0.22392873466014862
18,0.23115025460720062,0.22493143379688263,0.5439183115959167
19,0.23133668303489685,0.2207295149564743,0.5479337573051453
20,0.2293849140405655,0.5372242331504822,0.23339082300662994
21,0.2268836945295334,0.22817960381507874,0.5449366569519043
22,0.5513176918029785,0.22688288986682892,0.22179946303367615
23,0.5472615361213684,0.2374473214149475,0.21529114246368408
24,0.2653435468673706,0.4161776304244995,0.31847885251045227
25,0.4979897141456604,0.28619372844696045,0.21581651270389557
26,0.2257535755634308,0.27521419525146484,0.49903222918510437
27,0.23132452368736267,0.22264792025089264,0.5460275411605835
28,0.5504821538925171,0.22873921692371368,0.22077864408493042
29,0.2335941344499588,0.5389425754547119,0.22746329009532928
30,0.5492454171180725,0.22509673237800598,0.22565783560276031
31,0.5492791533470154,0.22760894894599915,0.22311192750930786
32,0.2249339073896408,0.5275243520736694,0.24754175543785095
33,0.23597262799739838,0.5161082148551941,0.24791918694972992
34,0.5112969875335693,0.222255676984787,0.2664473056793213
35,0.23097598552703857,0.21892207860946655,0.5501019358634949
36,0.41003715991973877,0.3678378462791443,0.22212496399879456
37,0.4865996539592743,0.29250773787498474,0.22089259326457977
38,0.21828074753284454,0.44482529163360596,0.3368939757347107
39,0.22312535345554352,0.23863884806632996,0.5382357835769653
40,0.5469039678573608,0.23260639607906342,0.22048956155776978
41,0.5380592346191406,0.2445695400238037,0.21737118065357208
42,0.21897530555725098,0.5418882369995117,0.23913641273975372
43,0.5451936721801758,0.23118457198143005,0.22362177073955536
44,0.22570613026618958,0.5484970808029175,0.22579675912857056
45,0.4606243073940277,0.3113832175731659,0.2279924601316452
46,0.5473032593727112,0.22973063588142395,0.22296611964702606
47,0.5285431742668152,0.25030410289764404,0.221152663230896
48,0.5529448390007019,0.21830539405345917,0.22874976694583893
49,0.21802765130996704,0.5507790446281433,0.23119331896305084
50,0.5425836443901062,0.23296616971492767,0.22445012629032135
51,0.4033057987689972,0.3063680827617645,0.29032617807388306
52,0.22239136695861816,0.5471611618995667,0.23044750094413757
53,0.23853179812431335,0.21853944659233093,0.5429287552833557
54,0.23372630774974823,0.2221360057592392,0.5441376566886902
55,0.22713352739810944,0.2237446904182434,0.5491217970848083
56,0.23196597397327423,0.5307782292366028,0.23725579679012299
57,0.541388750076294,0.22571228444576263,0.23289892077445984
58,0.5356810092926025,0.22485506534576416,0.2394639402627945
59,0.43411457538604736,0.3355712890625,0.23031416535377502
60,0.4702233672142029,0.3017342984676361,0.22804240882396698
61,0.5426329970359802,0.23468230664730072,0.22268466651439667
62,0.22682540118694305,0.5487112998962402,0.2244633287191391
63,0.22304071485996246,0.5443019270896912,0.23265741765499115
64,0.3973086178302765,0.2483174055814743,0.354373961687088
65,0.5354309678077698,0.24118869006633759,0.22338038682937622
66,0.34477493166923523,0.297113299369812,0.35811179876327515
67,0.22332608699798584,0.5509657859802246,0.22570814192295074
68,0.2639983594417572,0.4917331635951996,0.24426838755607605
69,0.25220564007759094,0.5127193331718445,0.23507502675056458
70,0.23441949486732483,0.21975359320640564,0.5458269715309143
71,0.42804378271102905,0.3289424180984497,0.24301381409168243
72,0.553541362285614,0.22226618230342865,0.22419250011444092
73,0.22205671668052673,0.5481648445129395,0.2297784388065338
74,0.2565419673919678,0.2398269921541214,0.503631055355072
75,0.27287405729293823,0.4889487326145172,0.2381771355867386
76,0.5313332676887512,0.2521930932998657,0.21647360920906067
77,0.5400884747505188,0.23677395284175873,0.2231375128030777
78,0.23042544722557068,0.22187483310699463,0.5476996898651123
79,0.23558254539966583,0.21858686208724976,0.5458306074142456
80,0.5518896579742432,0.2299412488937378,0.21816907823085785
81,0.3002201020717621,0.4056519865989685,0.2941279411315918
82,0.2274792492389679,0.5479766726493835,0.22454404830932617
83,0.5321931838989258,0.2316276729106903,0.2361791580915451
84,0.5168487429618835,0.2414698451757431,0.24168139696121216
85,0.46623820066452026,0.3118884265422821,0.2218734174966812
86,0.5509907007217407,0.2237071990966797,0.22530215978622437
87,0.2191186249256134,0.4455018937587738,0.3353794515132904
88,0.3485742509365082,0.38234007358551025,0.2690856158733368
89,0.21990102529525757,0.5478474497795105,0.23225149512290955
90,0.2163800299167633,0.5455362200737,0.23808377981185913
91,0.5408311486244202,0.23480187356472015,0.2243669629096985
92,0.4628491699695587,0.22484377026557922,0.31230711936950684
93,0.5302324295043945,0.24861644208431244,0.22115114331245422
94,0.5488972663879395,0.22957903146743774,0.22152376174926758
95,0.5540159344673157,0.2216416299343109,0.22434240579605103
96,0.2415623664855957,0.39016830921173096,0.36826932430267334
97,0.5438699722290039,0.2186129093170166,0.23751713335514069
98,0.4856671392917633,0.2309180498123169,0.283414751291275
99,0.2342173308134079,0.5271636247634888,0.23861901462078094
100,0.47630777955055237,0.30000317096710205,0.2236889898777008
101,0.5511437654495239,0.22794313728809357,0.2209130823612213
102,0.22459447383880615,0.5462661981582642,0.2291392982006073
103,0.21959027647972107,0.5484933257102966,0.2319163829088211
104,0.5470291376113892,0.23398418724536896,0.2189866453409195
105,0.21735693514347076,0.5426971316337585,0.2399459034204483
106,0.22528573870658875,0.5417817831039429,0.23293247818946838
107,0.5558967590332031,0.2218416929244995,0.22226153314113617
108,0.2266770303249359,0.5480151176452637,0.22530785202980042
109,0.5389498472213745,0.23063871264457703,0.23041141033172607
110,0.25605008006095886,0.22983427345752716,0.5141156911849976
111,0.543106734752655,0.22553659975528717,0.2313566505908966
112,0.5496557354927063,0.22388143837451935,0.22646276652812958
113,0.22464250028133392,0.49818331003189087,0.277174174785614
114,0.22996704280376434,0.22846724092960358,0.5415657162666321
115,0.5359702706336975,0.23922620713710785,0.22480358183383942
116,0.5128961801528931,0.2423134297132492,0.24479041993618011
117,0.22357456386089325,0.5476599931716919,0.22876545786857605
118,0.22194641828536987,0.5473935008049011,0.23066005110740662
119,0.5467892289161682,0.23275072872638702,0.22046001255512238
120,0.22504477202892303,0.22062067687511444,0.5543345212936401
121,0.519169807434082,0.257021963596344,0.2238081991672516
122,0.22079166769981384,0.33327537775039673,0.44593289494514465
123,0.5409395694732666,0.23911798000335693,0.21994249522686005
124,0.22721345722675323,0.2403295636177063,0.5324569940567017
125,0.23088480532169342,0.2314601093530655,0.5376550555229187
126,0.5350621342658997,0.22844307124614716,0.23649480938911438
127,0.2230546921491623,0.5515190958976746,0.22542621195316315
128,0.24547919631004333,0.5202313661575317,0.2342894822359085
129,0.5496395826339722,0.22468557953834534,0.22567477822303772
130,0.2344084531068802,0.4999764561653137,0.2656150758266449
131,0.4631662666797638,0.29553526639938354,0.24129840731620789
132,0.22194841504096985,0.5426563620567322,0.2353951781988144
133,0.5512456297874451,0.22247490286827087,0.22627949714660645
134,0.22661736607551575,0.22654782235622406,0.5468348264694214
135,0.23167015612125397,0.21897855401039124,0.5493512749671936
136,0.5448275804519653,0.2337334007024765,0.22143904864788055
137,0.5109477043151855,0.25089147686958313,0.23816080391407013
138,0.540469229221344,0.23803012073040009,0.22150063514709473
139,0.3840705156326294,0.39612650871276855,0.21980293095111847
140,0.22136913239955902,0.5501369833946228,0.22849388420581818
141,0.2596036195755005,0.49741867184638977,0.24297770857810974
142,0.23873291909694672,0.231901153922081,0.5293658971786499
143,0.5405793190002441,0.2342987060546875,0.22512203454971313
144,0.5551959872245789,0.22438444197177887,0.22041957080364227
145,0.22981086373329163,0.52580326795578,0.24438583850860596
146,0.224854975938797,0.3323326110839844,0.44281241297721863
147,0.22986358404159546,0.5389935374259949,0.23114289343357086
148,0.2204781174659729,0.5408785939216614,0.2386433184146881
149,0.5497902035713196,0.22550559043884277,0.22470422089099884
150,0.5480085611343384,0.23018614947795868,0.22180524468421936
151,0.22426465153694153,0.23819081485271454,0.5375445485115051
152,0.5462596416473389,0.23295697569847107,0.22078341245651245
153,0.5493813157081604,0.22716955840587616,0.22344915568828583
154,0.5426555275917053,0.2350286990404129,0.22231578826904297
155,0.5497621893882751,0.21866993606090546,0.2315678745508194
156,0.22642837464809418,0.5469146370887756,0.2266569882631302
157,0.23238837718963623,0.5339949131011963,0.23361673951148987
158,0.2218916416168213,0.5140644311904907,0.2640439569950104
159,0.2271108627319336,0.5424513816833496,0.2304377257823944
160,0.22284768521785736,0.5531022548675537,0.22405008971691132
161,0.22775036096572876,0.2252480536699295,0.5470016002655029
162,0.241108700633049,0.46543729305267334,0.2934540808200836
163,0.33602792024612427,0.4283923804759979,0.23557977378368378
164,0.45686575770378113,0.27723851799964905,0.2658957540988922
165,0.5143932700157166,0.2520957291126251,0.23351097106933594
166,0.3010420799255371,0.36357226967811584,0.33538565039634705
167,0.23098982870578766,0.541843831539154,0.2271663099527359
168,0.5410937070846558,0.23889650404453278,0.22000977396965027
169,0.2261735051870346,0.5506149530410767,0.22321157157421112
170,0.24158312380313873,0.5240172743797302,0.23439966142177582
171,0.23390789330005646,0.5009738206863403,0.265118271112442
172,0.23132352530956268,0.5403947234153748,0.22828172147274017
173,0.2290123552083969,0.2241191416978836,0.5468685030937195
174,0.5477900505065918,0.22557374835014343,0.22663618624210358
175,0.220790833234787,0.5486074686050415,0.23060166835784912
176,0.546293318271637,0.2279862016439438,0.22572046518325806
177,0.5525785088539124,0.22679704427719116,0.22062452137470245
178,0.22494499385356903,0.31880778074264526,0.4562472701072693
179,0.21539387106895447,0.5471356511116028,0.23747047781944275
180,0.22466568648815155,0.22801479697227478,0.5473195314407349
181,0.22277386486530304,0.5449772477149963,0.23224884271621704
182,0.5145144462585449,0.23074521124362946,0.2547403573989868
183,0.22628827393054962,0.5402108430862427,0.2335008978843689
184,0.47742822766304016,0.2952338755130768,0.22733789682388306
185,0.2407255917787552,0.23221014440059662,0.5270642638206482
186,0.22795391082763672,0.5471580624580383,0.22488804161548615
187,0.2828404903411865,0.48771026730537415,0.22944922745227814
188,0.4337572753429413,0.22243885695934296,0.3438038229942322
189,0.22554641962051392,0.5450608134269714,0.22939279675483704
190,0.2263719141483307,0.22630834579467773,0.5473197102546692
191,0.21973292529582977,0.5420897006988525,0.2381773442029953
192,0.5520281195640564,0.22723360359668732,0.2207382768392563
193,0.24146665632724762,0.40444695949554443,0.35408636927604675
194,0.22003568708896637,0.22337459027767181,0.556589663028717
195,0.4161604642868042,0.36093559861183167,0.22290398180484772
196,0.5519037246704102,0.2217559814453125,0.22634029388427734
197,0.25298577547073364,0.5039523243904114,0.24306190013885498
198,0.5458536744117737,0.23119886219501495,0.22294743359088898
199,0.545995831489563,0.23074224591255188,0.22326192259788513
200,0.5348283052444458,0.23861782252788544,0.22655384242534637
201,0.5533575415611267,0.2200782746076584,0.2265641838312149
202,0.22766588628292084,0.548117458820343,0.22421666979789734
203,0.3593049645423889,0.22205859422683716,0.4186364412307739
204,0.4416091740131378,0.2242000848054886,0.3341907262802124
205,0.5008077621459961,0.24477344751358032,0.2544187903404236
206,0.22683995962142944,0.5240275859832764,0.2491324245929718
207,0.5477850437164307,0.23098598420619965,0.2212289720773697
208,0.5494158864021301,0.2281615436077118,0.22242259979248047
209,0.5346792340278625,0.2242131382226944,0.24110764265060425
210,0.2296677827835083,0.2202923446893692,0.5500398278236389
211,0.5506097078323364,0.22420746088027954,0.22518287599086761
212,0.21518920361995697,0.5447010397911072,0.24010974168777466
213,0.21908323466777802,0.4545959532260895,0.3263207972049713
214,0.5405605435371399,0.22875887155532837,0.23068058490753174
215,0.4873161315917969,0.2479488104581833,0.26473507285118103
216,0.5559317469596863,0.2215842455625534,0.2224840223789215
217,0.5498406887054443,0.23391513526439667,0.21624420583248138
218,0.22332030534744263,0.5185906887054443,0.25808900594711304
219,0.5476269125938416,0.22719834744930267,0.22517475485801697
220,0.23227284848690033,0.22046306729316711,0.547264039516449
221,0.22333133220672607,0.22179251909255981,0.5548761487007141
222,0.22900469601154327,0.5451974868774414,0.2257978320121765
223,0.22147291898727417,0.5497364401817322,0.22879059612751007
224,0.3439544439315796,0.4312359094619751,0.22480961680412292
225,0.4853121042251587,0.28961408138275146,0.2250738888978958
226,0.5156665444374084,0.23268437385559082,0.25164905190467834
227,0.22739474475383759,0.21949705481529236,0.5531082153320312
228,0.5388165712356567,0.2325872778892517,0.22859613597393036
229,0.22052572667598724,0.540877640247345,0.2385966032743454
230,0.22021441161632538,0.5433433651924133,0.23644223809242249
231,0.5428854823112488,0.23156212270259857,0.22555240988731384
232,0.5556614995002747,0.22247174382209778,0.22186674177646637
233,0.5428269505500793,0.22902342677116394,0.2281496226787567
234,0.4849369525909424,0.28200653195381165,0.2330564707517624
235,0.5269615650177002,0.249333456158638,0.22370494902133942
236,0.22323369979858398,0.4985949695110321,0.2781713008880615
237,0.5477864146232605,0.22720849514007568,0.225005105137825
238,0.5503525137901306,0.22120152413845062,0.22844599187374115
239,0.2436002641916275,0.21608634293079376,0.5403133630752563
240,0.22340665757656097,0.22472557425498962,0.5518677830696106
241,0.546825110912323,0.2213010936975479,0.23187381029129028
242,0.23404133319854736,0.5165274739265442,0.24943119287490845
243,0.5405861735343933,0.22955551743507385,0.22985832393169403
244,0.22596260905265808,0.5474979281425476,0.2265394926071167
245,0.22680824995040894,0.22488270699977875,0.5483090281486511
246,0.2336517721414566,0.22273465991020203,0.543613612651825
247,0.22239479422569275,0.5544823408126831,0.22312292456626892
248,0.23515993356704712,0.5099374055862427,0.2549026608467102
249,0.2234647572040558,0.554190993309021,0.222344309091568
250,0.230735182762146,0.22118577361106873,0.5480790734291077
251,0.22181659936904907,0.5436249375343323,0.23455844819545746
252,0.5603137016296387,0.21841348707675934,0.2212727963924408
253,0.2607751786708832,0.28204819560050964,0.45717665553092957
254,0.5498045086860657,0.22360794246196747,0.22658760845661163
255,0.37401893734931946,0.4023534059524536,0.22362764179706573
256,0.5479061603546143,0.23082450032234192,0.22126932442188263
257,0.5497704744338989,0.2226722687482834,0.22755731642246246
258,0.43547216057777405,0.34563148021698,0.21889638900756836
259,0.5440625548362732,0.23329690098762512,0.2226405292749405
260,0.5362116098403931,0.232357457280159,0.23143091797828674
261,0.22373966872692108,0.23149219155311584,0.5447681546211243
262,0.4543604552745819,0.28759101033210754,0.25804856419563293
263,0.5521469116210938,0.2271071970462799,0.22074586153030396
264,0.22306104004383087,0.5415826439857483,0.23535634577274323
265,0.22178499400615692,0.5509045720100403,0.2273104041814804
266,0.5471651554107666,0.22771023213863373,0.2251245677471161
267,0.43296927213668823,0.25506359338760376,0.3119671940803528
268,0.2277425229549408,0.5485133528709412,0.22374410927295685
269,0.22303840517997742,0.5442723035812378,0.23268932104110718
270,0.5479305982589722,0.2329307347536087,0.2191387414932251
271,0.2234482318162918,0.5397338271141052,0.23681797087192535
272,0.24180550873279572,0.21735814213752747,0.5408363342285156
273,0.23374520242214203,0.5388121008872986,0.227442666888237
274,0.2219729870557785,0.5456414222717285,0.2323855757713318
275,0.24148491024971008,0.5193910002708435,0.23912407457828522
276,0.23020805418491364,0.2300671488046646,0.5397248268127441
277,0.22925762832164764,0.5299648642539978,0.24077749252319336
278,0.4419236481189728,0.30355626344680786,0.254520058631897
279,0.5476687550544739,0.22822383046150208,0.22410745918750763
280,0.2372788041830063,0.2172727733850479,0.5454484224319458
281,0.23658354580402374,0.2512400448322296,0.5121764540672302
282,0.5322079658508301,0.24182642996311188,0.22596555948257446
283,0.21281515061855316,0.3650608956813812,0.42212387919425964
284,0.2546750009059906,0.5167312026023865,0.22859379649162292
285,0.24082794785499573,0.21660731732845306,0.5425647497177124
286,0.2380174994468689,0.4428224563598633,0.3191600441932678
287,0.23274683952331543,0.21871323883533478,0.548539936542511
288,0.23654454946517944,0.24638590216636658,0.5170695781707764
289,0.22377002239227295,0.5512267351150513,0.22500325739383698
290,0.23921269178390503,0.43393445014953613,0.32685285806655884
291,0.5442565083503723,0.2319796085357666,0.22376391291618347
292,0.5507106781005859,0.2239978313446045,0.22529149055480957
293,0.22930783033370972,0.21833987534046173,0.5523523092269897
294,0.5432701110839844,0.22985947132110596,0.2268703728914261
295,0.452674925327301,0.2777969539165497,0.2695281505584717
296,0.5542510747909546,0.22598250210285187,0.21976643800735474
297,0.2204795628786087,0.5467581748962402,0.23276224732398987
298,0.22312380373477936,0.5365644097328186,0.24031180143356323
299,0.5247442126274109,0.23992381989955902,0.23533198237419128
300,0.23022833466529846,0.5364066958427429,0.2333650141954422
301,0.21789903938770294,0.5516961812973022,0.23040474951267242
302,0.24077680706977844,0.21958251297473907,0.5396406650543213
303,0.32538944482803345,0.22871530055999756,0.445895254611969
304,0.5510056614875793,0.22621050477027893,0.22278381884098053
305,0.23215599358081818,0.5419659614562988,0.2258780300617218
306,0.25626102089881897,0.5183794498443604,0.2253594994544983
307,0.47824975848197937,0.2401791512966156,0.2815711200237274
308,0.33297231793403625,0.4210636615753174,0.24596405029296875
309,0.2294979989528656,0.47350168228149414,0.2970002591609955
310,0.2326023131608963,0.5327502489089966,0.2346474528312683
311,0.23225893080234528,0.24928227066993713,0.5184587836265564
312,0.23179012537002563,0.47875067591667175,0.2894591987133026
313,0.224009171128273,0.2235657274723053,0.5524250864982605
314,0.2256164401769638,0.228956937789917,0.545426607131958
315,0.23293238878250122,0.2191414088010788,0.5479261875152588
316,0.22563010454177856,0.22932715713977814,0.5450426936149597
317,0.22406736016273499,0.5504997372627258,0.22543291747570038
318,0.22825390100479126,0.22539111971855164,0.5463549494743347
319,0.21860942244529724,0.555360734462738,0.2260298728942871
320,0.2217928171157837,0.22591125965118408,0.5522959232330322
321,0.22800230979919434,0.5176786184310913,0.25431904196739197
322,0.22420889139175415,0.5293645262718201,0.24642662703990936
323,0.2299463301897049,0.5491353273391724,0.22091840207576752
324,0.22297590970993042,0.5489649176597595,0.22805915772914886
325,0.5471010804176331,0.22626706957817078,0.22663187980651855
326,0.23368068039417267,0.5220421552658081,0.24427713453769684
327,0.22887349128723145,0.256696879863739,0.5144296884536743
328,0.5478370785713196,0.2241857498884201,0.22797724604606628
329,0.3871868848800659,0.37882816791534424,0.23398499190807343
330,0.5374096632003784,0.23097875714302063,0.23161156475543976
331,0.5480325818061829,0.22389385104179382,0.22807352244853973
332,0.22579193115234375,0.5465072989463806,0.22770078480243683
333,0.54770827293396,0.2281026393175125,0.22418902814388275
334,0.2356249988079071,0.537074863910675,0.22730015218257904
335,0.5538649559020996,0.2258508801460266,0.2202841341495514
336,0.2218741923570633,0.5540279150009155,0.2240978628396988
337,0.5287780165672302,0.224175825715065,0.24704617261886597
338,0.523388147354126,0.23129074275493622,0.245321124792099
339,0.5300065875053406,0.23901697993278503,0.23097649216651917
340,0.2238309383392334,0.549730658531189,0.22643837332725525
341,0.231721892952919,0.5350196957588196,0.2332584112882614
342,0.5478304028511047,0.22298428416252136,0.22918538749217987
343,0.5039145350456238,0.25255313515663147,0.24353231489658356
344,0.5491952300071716,0.22214145958423615,0.22866323590278625
345,0.2179107964038849,0.5488834977149963,0.23320569097995758
346,0.2320227324962616,0.5328564047813416,0.23512093722820282
347,0.22671832144260406,0.5451028347015381,0.22817881405353546
348,0.5484013557434082,0.22758346796035767,0.22401520609855652
349,0.3765583634376526,0.4039769470691681,0.21946470439434052
350,0.23264457285404205,0.21785962581634521,0.5494958162307739
351,0.3596474528312683,0.4128636419773102,0.2274889498949051
352,0.5535857081413269,0.22196383774280548,0.22445040941238403
353,0.5332802534103394,0.22507928311824799,0.24164044857025146
354,0.5400151014328003,0.22111393511295319,0.23887097835540771
355,0.4526744484901428,0.32598912715911865,0.2213364541530609
356,0.3063619136810303,0.45829224586486816,0.23534587025642395
357,0.5484374165534973,0.2241027057170868,0.2274598926305771
358,0.4672389030456543,0.2536230683326721,0.2791380286216736
359,0.21894100308418274,0.5294290781021118,0.25162991881370544
360,0.48291850090026855,0.2525750398635864,0.2645065486431122
361,0.23369483649730682,0.2222985327243805,0.5440065860748291
362,0.5494884848594666,0.22226941585540771,0.22824205458164215
363,0.5279728770256042,0.226891428232193,0.24513573944568634
364,0.5444504022598267,0.22422023117542267,0.2313293218612671
365,0.542329728603363,0.22854360938072205,0.22912663221359253
366,0.24963650107383728,0.407413125038147,0.34295034408569336
367,0.23601633310317993,0.2273905724287033,0.5365931391716003
368,0.23368486762046814,0.5284408330917358,0.23787431418895721
369,0.23393899202346802,0.2196681648492813,0.5463928580284119
370,0.2244194597005844,0.4044053554534912,0.3711751699447632
371,0.5290893316268921,0.25086790323257446,0.22004272043704987
372,0.5314222574234009,0.24888595938682556,0.21969175338745117
373,0.23501893877983093,0.5152010917663574,0.24977992475032806
374,0.22915995121002197,0.5445936918258667,0.22624635696411133
375,0.5507612228393555,0.22396574914455414,0.22527296841144562
376,0.22624126076698303,0.5474427938461304,0.22631590068340302
377,0.5524024367332458,0.22498057782649994,0.22261694073677063
378,0.2261875569820404,0.22779163718223572,0.5460208058357239
379,0.5547675490379333,0.22267484664916992,0.22255757451057434
380,0.5159797668457031,0.2572484016418457,0.22677189111709595
381,0.22703571617603302,0.47927430272102356,0.29368993639945984
382,0.21989084780216217,0.2822524905204773,0.49785667657852173
383,0.23035871982574463,0.4609740674495697,0.30866724252700806
384,0.27377158403396606,0.4801638126373291,0.24606463313102722
385,0.5497932434082031,0.2280433177947998,0.22216349840164185
386,0.4732110798358917,0.3068660795688629,0.21992282569408417
387,0.5296723246574402,0.24140417575836182,0.228923499584198
388,0.5310602188110352,0.23850856721401215,0.2304312139749527
389,0.5392718315124512,0.24374204874038696,0.21698610484600067
390,0.4364328682422638,0.3288429081439972,0.23472420871257782
391,0.22255343198776245,0.5406326055526733,0.2368139624595642
392,0.2222980260848999,0.5498189330101013,0.22788305580615997
393,0.5527001619338989,0.22605407238006592,0.22124581038951874
394,0.23736953735351562,0.21804741024971008,0.5445830821990967
395,0.5474585890769958,0.22768467664718628,0.22485677897930145
396,0.2203582376241684,0.540572464466095,0.23906926810741425
397,0.22912654280662537,0.21831201016902924,0.5525614619255066
398,0.2229606956243515,0.5544964671134949,0.2225428819656372
399,0.548630952835083,0.22984518110752106,0.22152383625507355
400,0.5291051268577576,0.2263880968093872,0.2445068061351776
401,0.4639798402786255,0.3106812834739685,0.2253388911485672
402,0.22308087348937988,0.5455512404441833,0.23136790096759796
403,0.22517666220664978,0.5402582287788391,0.23456509411334991
404,0.5537775158882141,0.22792208194732666,0.21830040216445923
405,0.2604558765888214,0.510466456413269,0.22907768189907074
406,0.5476057529449463,0.23124176263809204,0.22115248441696167
407,0.21810565888881683,0.5455732941627502,0.23632104694843292
408,0.553398847579956,0.22287197411060333,0.2237291783094406
409,0.538909375667572,0.23220674693584442,0.22888392210006714
410,0.5535117387771606,0.22146618366241455,0.22502203285694122
411,0.5349195003509521,0.23639464378356934,0.2286858856678009
412,0.2362632155418396,0.21967515349388123,0.5440616011619568
413,0.2233174592256546,0.5483666658401489,0.22831586003303528
414,0.5461885333061218,0.22446918487548828,0.2293422818183899
415,0.20923711359500885,0.4368455111980438,0.3539174199104309
416,0.46407896280288696,0.26085662841796875,0.2750643789768219
417,0.21936295926570892,0.548521101474762,0.2321159690618515
418,0.40134137868881226,0.3800979256629944,0.2185606211423874
419,0.5464009046554565,0.23465348780155182,0.2189456671476364
420,0.5389670133590698,0.2314995527267456,0.22953340411186218
421,0.5488922595977783,0.22284400463104248,0.2282637655735016
422,0.232276052236557,0.5401554107666016,0.22756853699684143
423,0.22008846700191498,0.5493040084838867,0.23060756921768188
424,0.5535506010055542,0.22128361463546753,0.22516579926013947
425,0.5457648634910583,0.228782519698143,0.22545260190963745
426,0.23211389780044556,0.3565857410430908,0.41130030155181885
427,0.5493366718292236,0.2254440188407898,0.22521929442882538
428,0.22949817776679993,0.219889298081398,0.5506125688552856
429,0.5528642535209656,0.22246745228767395,0.22466835379600525
430,0.5283277630805969,0.258206307888031,0.21346592903137207
431,0.35801345109939575,0.3722657859325409,0.26972073316574097
432,0.5453000068664551,0.2254214733839035,0.22927850484848022
433,0.5074536204338074,0.25633662939071655,0.23620976507663727
434,0.5283296704292297,0.22035588324069977,0.2513144314289093
435,0.23748157918453217,0.22041958570480347,0.5420988202095032
436,0.22292786836624146,0.5526668429374695,0.22440527379512787
437,0.541815996170044,0.2227180004119873,0.23546594381332397
438,0.22204634547233582,0.5448018312454224,0.23315180838108063
439,0.5541021823883057,0.22631780803203583,0.2195800244808197
440,0.22606202960014343,0.4178788959980011,0.35605910420417786
441,0.5551931262016296,0.221869096159935,0.22293785214424133
442,0.2909848392009735,0.22029083967208862,0.48872438073158264
443,0.5486683249473572,0.22739164531230927,0.22393998503684998
444,0.5371972918510437,0.23382748663425446,0.22897522151470184
445,0.5419555902481079,0.22897900640964508,0.229065403342247
446,0.5470251441001892,0.2309778928756714,0.22199693322181702
447,0.23069511353969574,0.5488385558128357,0.22046633064746857
448,0.2381611317396164,0.23590639233589172,0.5259324908256531
449,0.5423896908760071,0.2302221655845642,0.2273881733417511
450,0.5388342142105103,0.2395322471857071,0.22163356840610504
451,0.4718208312988281,0.28790152072906494,0.24027764797210693
452,0.5438368320465088,0.2345392405986786,0.22162388265132904
453,0.5442759990692139,0.23778049647808075,0.21794350445270538
454,0.23248185217380524,0.44697439670562744,0.3205437958240509
455,0.22368431091308594,0.5445653796195984,0.23175029456615448
456,0.22468073666095734,0.5492057204246521,0.2261134684085846
457,0.2205861508846283,0.5526555180549622,0.22675831615924835
458,0.5485877394676208,0.2235906720161438,0.22782161831855774
459,0.3346956968307495,0.4355284571647644,0.22977584600448608
460,0.5518165230751038,0.2254926711320877,0.22269080579280853
461,0.5412750840187073,0.2331855297088623,0.2255394011735916
462,0.23127882182598114,0.4251689910888672,0.34355220198631287
463,0.22303849458694458,0.5458913445472717,0.2310701459646225
464,0.24380247294902802,0.21919485926628113,0.5370026230812073
465,0.549682080745697,0.22581087052822113,0.22450706362724304
466,0.21968407928943634,0.5425475835800171,0.23776835203170776
467,0.46480780839920044,0.28653839230537415,0.24865379929542542
468,0.5516581535339355,0.23073625564575195,0.2176055908203125
469,0.5514138340950012,0.22722890973091125,0.22135725617408752
470,0.22667096555233002,0.336028516292572,0.43730056285858154
471,0.22818709909915924,0.5302804112434387,0.24153247475624084
472,0.5416609048843384,0.23915128409862518,0.2191878706216812
473,0.5494270920753479,0.22324393689632416,0.22732903063297272
474,0.47340649366378784,0.27266570925712585,0.2539277970790863
475,0.556918203830719,0.22125574946403503,0.22182606160640717
476,0.5558567047119141,0.224313423037529,0.21982991695404053
477,0.5466768145561218,0.22796782851219177,0.2253553569316864
478,0.2278493195772171,0.2263106256723404,0.5458400249481201
479,0.22529160976409912,0.5501076579093933,0.22460071742534637
480,0.5545377135276794,0.22058148682117462,0.2248808890581131
481,0.21872632205486298,0.5461980700492859,0.23507560789585114
482,0.22917136549949646,0.5355057120323181,0.23532292246818542
483,0.54949951171875,0.22861835360527039,0.2218821793794632
484,0.5351987481117249,0.2319808155298233,0.23282042145729065
485,0.22472284734249115,0.5449032187461853,0.23037393391132355
486,0.5499650239944458,0.22450292110443115,0.22553206980228424
487,0.5323897004127502,0.23984429240226746,0.2277659922838211
488,0.2217862606048584,0.5474181175231934,0.23079554736614227
489,0.5051950812339783,0.2508334219455719,0.24397152662277222
490,0.23768873512744904,0.5049210786819458,0.25739023089408875
491,0.23531535267829895,0.46560075879096985,0.2990838587284088
492,0.21787670254707336,0.40861254930496216,0.3735107183456421
493,0.2271714210510254,0.22279144823551178,0.550037145614624
494,0.5425112247467041,0.23291437327861786,0.22457441687583923
495,0.22783604264259338,0.22491194307804108,0.5472519993782043
496,0.23209555447101593,0.40505436062812805,0.36285004019737244
497,0.2228979915380478,0.5472590327262878,0.22984296083450317
498,0.21738184988498688,0.2802198827266693,0.5023983120918274
499,0.2265484780073166,0.5410836935043335,0.23236776888370514
500,0.2311503142118454,0.22339098155498505,0.5454587340354919
501,0.2565355896949768,0.5062248706817627,0.2372395545244217
502,0.5356941223144531,0.22449155151844025,0.23981428146362305
503,0.22166237235069275,0.5460222959518433,0.232315331697464
504,0.4134129285812378,0.3248502314090729,0.2617368996143341
505,0.5546797513961792,0.22273927927017212,0.22258098423480988
506,0.552184522151947,0.22417142987251282,0.22364409267902374
507,0.5174387097358704,0.23465901613235474,0.24790219962596893
508,0.23052683472633362,0.5399652123451233,0.22950796782970428
509,0.48089146614074707,0.27902743220329285,0.24008114635944366
510,0.4233025312423706,0.3312593996524811,0.24543817341327667
511,0.537231981754303,0.2337464541196823,0.2290215790271759
512,0.23311899602413177,0.2169843316078186,0.5498966574668884
513,0.5512597560882568,0.22414101660251617,0.2245991826057434
514,0.23129156231880188,0.5302433371543884,0.2384650558233261
515,0.22358502447605133,0.5478530526161194,0.22856192290782928
516,0.21893617510795593,0.434036523103714,0.34702733159065247
517,0.5017088651657104,0.27833041548728943,0.21996080875396729
518,0.5545632243156433,0.22064390778541565,0.22479283809661865
519,0.218422070145607,0.5465922355651855,0.23498573899269104
520,0.2331026941537857,0.21728554368019104,0.5496117472648621
521,0.4383906126022339,0.24878406524658203,0.31282535195350647
522,0.22973428666591644,0.2958264946937561,0.47443926334381104
523,0.5496441721916199,0.22193220257759094,0.228423610329628
524,0.5549111366271973,0.22021839022636414,0.2248704433441162
525,0.23075003921985626,0.5389394760131836,0.23031045496463776
526,0.22710734605789185,0.5467455983161926,0.2261471152305603
527,0.234470933675766,0.5139801502227783,0.2515488862991333
528,0.2331422120332718,0.21943555772304535,0.5474221706390381
529,0.5451688766479492,0.2291521430015564,0.22567898035049438
530,0.2243637889623642,0.5464920401573181,0.2291441261768341
531,0.2323736697435379,0.22160279750823975,0.5460235476493835
532,0.5562939643859863,0.22185499966144562,0.22185103595256805
533,0.5478239059448242,0.22510948777198792,0.22706660628318787
534,0.2252476066350937,0.542236864566803,0.23251548409461975
535,0.2331891804933548,0.5071647763252258,0.25964608788490295
536,0.5555040240287781,0.22317399084568024,0.2213219702243805
537,0.5450249910354614,0.2231643944978714,0.2318105846643448
538,0.5290712714195251,0.23278671503067017,0.2381420135498047
539,0.23970459401607513,0.22661864757537842,0.5336767435073853
540,0.5526669025421143,0.2232006937265396,0.22413241863250732
541,0.2571011185646057,0.46538013219833374,0.27751874923706055
542,0.22369740903377533,0.5413210391998291,0.23498153686523438
543,0.545415997505188,0.22535941004753113,0.22922459244728088
544,0.5414909720420837,0.23935143649578094,0.2191576510667801
545,0.2391793131828308,0.5435484051704407,0.2172723114490509
546,0.5438745021820068,0.23562218248844147,0.2205033302307129
547,0.546684980392456,0.22807230055332184,0.22524268925189972
548,0.5379449725151062,0.24156031012535095,0.22049471735954285
549,0.5042948126792908,0.2748817503452301,0.22082345187664032
550,0.5540419816970825,0.22394660115242004,0.22201144695281982
551,0.2649701237678528,0.5106433629989624,0.22438651323318481
552,0.5495177507400513,0.22856517136096954,0.221917062997818
553,0.5234575271606445,0.24059608578681946,0.2359464168548584
554,0.5494264364242554,0.22434604167938232,0.22622746229171753
555,0.25028252601623535,0.5077856779098511,0.24193181097507477
556,0.23233695328235626,0.2179899513721466,0.5496730804443359
557,0.5303741693496704,0.24125009775161743,0.22837571799755096
558,0.5541117191314697,0.22241351008415222,0.22347478568553925
559,0.5237247347831726,0.22955439984798431,0.24672088027000427
560,0.23887799680233002,0.5217344164848328,0.23938757181167603
561,0.5489121079444885,0.22297056019306183,0.22811730206012726
562,0.5561023354530334,0.22122186422348022,0.22267578542232513
563,0.23872005939483643,0.22024188935756683,0.5410380363464355
564,0.5481213331222534,0.23535175621509552,0.21652686595916748
565,0.5492599606513977,0.22844551503658295,0.22229453921318054
566,0.3049751818180084,0.3731485605239868,0.32187628746032715
567,0.22339299321174622,0.5475717782974243,0.22903527319431305
568,0.23073449730873108,0.34688514471054077,0.42238035798072815
569,0.5508948564529419,0.22383487224578857,0.22527028620243073
570,0.5489787459373474,0.22651945054531097,0.22450178861618042
571,0.5512798428535461,0.22712163627147675,0.2215985655784607
572,0.5398684144020081,0.23127132654190063,0.2288602739572525
573,0.3312978446483612,0.4103809595108032,0.2583211660385132
574,0.5416361093521118,0.22906598448753357,0.22929786145687103
575,0.544002890586853,0.23580653965473175,0.22019053995609283
576,0.23376111686229706,0.22202125191688538,0.5442176461219788
577,0.5533807277679443,0.22350051999092102,0.22311869263648987
578,0.5512794256210327,0.21966207027435303,0.22905847430229187
579,0.5449410676956177,0.23740381002426147,0.21765512228012085
580,0.4533393085002899,0.32619544863700867,0.2204652726650238
581,0.5400440096855164,0.22608982026576996,0.2338661253452301
582,0.23226433992385864,0.21791972219944,0.5498159527778625
583,0.2348770797252655,0.5145574808120728,0.25056543946266174
584,0.22367264330387115,0.2296922206878662,0.5466351509094238
585,0.23499976098537445,0.5285465121269226,0.23645371198654175
586,0.22447951138019562,0.5486058592796326,0.22691456973552704
587,0.2217162549495697,0.4345814883708954,0.3437023162841797
588,0.23611818253993988,0.22065670788288116,0.543225109577179
589,0.32472795248031616,0.4178619086742401,0.25741007924079895
590,0.3147699534893036,0.45715346932411194,0.22807657718658447
591,0.22631779313087463,0.5125350952148438,0.26114708185195923
592,0.23432008922100067,0.22488799691200256,0.5407918691635132
593,0.2346087396144867,0.2196338027715683,0.5457574725151062
594,0.24656374752521515,0.46021154522895813,0.2932247221469879
595,0.23533517122268677,0.2172793298959732,0.5473855137825012
596,0.5251103639602661,0.2340569943189621,0.24083265662193298
597,0.5524955987930298,0.22305962443351746,0.22444473206996918
598,0.22012977302074432,0.5408913493156433,0.23897884786128998
599,0.35597842931747437,0.3986997902393341,0.24532175064086914
600,0.46808096766471863,0.2997739017009735,0.23214517533779144
601,0.23300045728683472,0.22957831621170044,0.5374212265014648
602,0.5288378596305847,0.24785152077674866,0.223310649394989
603,0.24283801019191742,0.21580016613006592,0.5413618683815002
604,0.2259453386068344,0.2303108423948288,0.5437438488006592
605,0.5445822477340698,0.23478063941001892,0.22063708305358887
606,0.22461847960948944,0.553575336933136,0.2218061238527298
607,0.27317681908607483,0.4832918047904968,0.24353131651878357
608,0.5432992577552795,0.23381982743740082,0.22288097441196442
609,0.549335241317749,0.22982627153396606,0.22083845734596252
610,0.23751747608184814,0.48403963446617126,0.2784428894519806
611,0.22808440029621124,0.5393649935722351,0.23255057632923126
612,0.4775300621986389,0.23551325500011444,0.28695669770240784
613,0.21943053603172302,0.5467073321342468,0.23386213183403015
614,0.5028930306434631,0.23583443462848663,0.26127246022224426
615,0.5441219806671143,0.2240535318851471,0.23182451725006104
616,0.22227372229099274,0.5496034026145935,0.22812291979789734
617,0.23642516136169434,0.25175726413726807,0.5118175745010376
618,0.5512048006057739,0.22570879757404327,0.223086416721344
619,0.546476423740387,0.23211105167865753,0.2214125245809555
620,0.549261748790741,0.22657237946987152,0.2241659164428711
621,0.22788897156715393,0.21838459372520447,0.5537264347076416
622,0.22765310108661652,0.5330715775489807,0.23927538096904755
623,0.2218788117170334,0.5523115396499634,0.22580961883068085
624,0.22596104443073273,0.22766439616680145,0.5463745594024658
625,0.5526097416877747,0.22476185858249664,0.22262835502624512
626,0.5424923896789551,0.231500044465065,0.22600753605365753
627,0.548785388469696,0.22317101061344147,0.2280436009168625
628,0.5422378778457642,0.22752775251865387,0.23023438453674316
629,0.2272898256778717,0.5450934171676636,0.2276168018579483
630,0.549575924873352,0.22279252111911774,0.22763153910636902
631,0.5248879194259644,0.2388153225183487,0.23629674315452576
632,0.5345227122306824,0.24278661608695984,0.2226906567811966
633,0.2420794516801834,0.24713198840618134,0.5107885599136353
634,0.5402106642723083,0.23403841257095337,0.22575096786022186
635,0.5552168488502502,0.22038935124874115,0.22439377009868622
636,0.2218058705329895,0.5505214929580688,0.22767256200313568
637,0.5431563258171082,0.22927294671535492,0.2275708019733429
638,0.46894633769989014,0.29865729808807373,0.2323964238166809
639,0.5518040060997009,0.22175633907318115,0.2264396846294403
640,0.2246532142162323,0.5399393439292908,0.23540742695331573
641,0.5514410138130188,0.22521591186523438,0.22334304451942444
642,0.5302191376686096,0.2309356927871704,0.23884518444538116
643,0.5505262017250061,0.22313857078552246,0.22633522748947144
644,0.5388180613517761,0.2339739203453064,0.2272079735994339
645,0.55129075050354,0.22453603148460388,0.22417326271533966
646,0.24982783198356628,0.5216149091720581,0.2285572588443756
647,0.23534560203552246,0.21689912676811218,0.5477553009986877
648,0.25830188393592834,0.5049039125442505,0.23679424822330475
649,0.2246110737323761,0.5088282823562622,0.2665606737136841
650,0.5491938591003418,0.2252473384141922,0.2255587875843048
651,0.5504232048988342,0.22613632678985596,0.223440483212471
652,0.5530194044113159,0.21787847578525543,0.22910207509994507
653,0.2262522429227829,0.22538070380687714,0.5483670830726624
654,0.22020772099494934,0.49871477484703064,0.28107750415802
655,0.553653359413147,0.2221030592918396,0.22424359619617462
656,0.23029197752475739,0.22132404148578644,0.5483840107917786
657,0.2338431030511856,0.534270703792572,0.23188616335391998
658,0.5319883823394775,0.22590506076812744,0.2421065866947174
659,0.23785783350467682,0.525696337223053,0.2364458590745926
660,0.2170337289571762,0.5461170077323914,0.23684930801391602
661,0.5544984340667725,0.21981187164783478,0.2256896197795868
662,0.544876217842102,0.2342771291732788,0.22084668278694153
663,0.5332066416740417,0.2189636528491974,0.24782967567443848
664,0.22561241686344147,0.22697444260120392,0.5474131107330322
665,0.22311893105506897,0.5207908749580383,0.2560901343822479
666,0.21670928597450256,0.5463399291038513,0.23695078492164612
667,0.5411649346351624,0.23306681215763092,0.22576826810836792
668,0.3482450246810913,0.41947034001350403,0.23228459060192108
669,0.44599682092666626,0.31578299403190613,0.2382201999425888
670,0.22865769267082214,0.537278950214386,0.23406341671943665
671,0.5458969473838806,0.2323223352432251,0.22178074717521667
672,0.2340177595615387,0.24646435678005219,0.5195178985595703
673,0.5335747599601746,0.24224279820919037,0.22418247163295746
674,0.5028246641159058,0.2195519357919693,0.27762338519096375
675,0.5481565594673157,0.22928304970264435,0.22256030142307281
676,0.5525522232055664,0.22174212336540222,0.22570563852787018
677,0.24929659068584442,0.5162854194641113,0.23441798985004425
678,0.5382585525512695,0.23327527940273285,0.22846612334251404
679,0.2227683812379837,0.549360990524292,0.2278706580400467
680,0.2305130511522293,0.2272779941558838,0.5422089695930481
681,0.2592141330242157,0.40502244234085083,0.33576345443725586
682,0.5296796560287476,0.2317616492509842,0.23855875432491302
683,0.2231408953666687,0.5439484119415283,0.2329106330871582
684,0.23262988030910492,0.21743325889110565,0.549936830997467
685,0.5517346858978271,0.2274305373430252,0.22083476185798645
686,0.22400911152362823,0.5218557119369507,0.25413522124290466
687,0.23692767322063446,0.5256030559539795,0.23746924102306366
688,0.32854676246643066,0.42666688561439514,0.2447863519191742
689,0.22636845707893372,0.5497662425041199,0.2238653600215912
690,0.21927300095558167,0.5472131967544556,0.23351378738880157
691,0.22056405246257782,0.5563803315162659,0.22305558621883392
692,0.2848871946334839,0.46624481678009033,0.248867928981781
693,0.23497900366783142,0.5395963788032532,0.2254246324300766
694,0.22364912927150726,0.5499688386917114,0.2263820618391037
695,0.5451608896255493,0.23421119153499603,0.22062785923480988
696,0.5534564256668091,0.22209498286247253,0.22444866597652435
697,0.5479158163070679,0.2287134826183319,0.22337065637111664
698,0.347359836101532,0.3606339395046234,0.2920062839984894
699,0.2251548022031784,0.39365825057029724,0.38118690252304077
700,0.2391221821308136,0.5281983613967896,0.23267945647239685
701,0.24043932557106018,0.2510089576244354,0.5085517168045044
702,0.21832314133644104,0.5557151436805725,0.22596174478530884
703,0.5067583918571472,0.2686469852924347,0.22459466755390167
704,0.40049833059310913,0.3774714767932892,0.22203019261360168
705,0.28521743416786194,0.44447991251945496,0.27030259370803833
706,0.5439825057983398,0.23405516147613525,0.22196237742900848
707,0.22524785995483398,0.5473299622535706,0.22742214798927307
708,0.5506043434143066,0.2236282080411911,0.22576741874217987
709,0.22248736023902893,0.551262617111206,0.22625000774860382
710,0.34295159578323364,0.42073139548301697,0.2363169938325882
711,0.2205994427204132,0.5531219840049744,0.2262786328792572
712,0.5415473580360413,0.23357635736465454,0.2248762845993042
713,0.21982046961784363,0.5465720891952515,0.2336074560880661
714,0.4865156412124634,0.24754002690315247,0.26594439148902893
715,0.2225685864686966,0.5459003448486328,0.2315310537815094
716,0.23416657745838165,0.21810579299926758,0.5477275848388672
717,0.4191645383834839,0.2313288152217865,0.3495066463947296
718,0.5486655235290527,0.2231491059064865,0.22818534076213837
719,0.2462979257106781,0.5088163018226624,0.24488578736782074
720,0.23934930562973022,0.4591882526874542,0.30146244168281555
721,0.5362740159034729,0.2329893708229065,0.23073658347129822
722,0.5513484477996826,0.2248939573764801,0.22375762462615967
723,0.5507575273513794,0.2277696281671524,0.22147279977798462
724,0.23918072879314423,0.40305280685424805,0.3577664792537689
725,0.23769941926002502,0.219766303896904,0.5425342321395874
726,0.5504166483879089,0.2205306440591812,0.22905270755290985
727,0.5481656789779663,0.2234630435705185,0.22837130725383759
728,0.5425096750259399,0.22398607432842255,0.23350423574447632
729,0.22199207544326782,0.5488811731338501,0.2291267365217209
730,0.2334008812904358,0.430485337972641,0.33611375093460083
731,0.23389647901058197,0.5448185801506042,0.22128485143184662
732,0.23223520815372467,0.5406582355499268,0.22710652649402618
733,0.22714905440807343,0.5032727122306824,0.269578218460083
734,0.2365122139453888,0.21818597614765167,0.5453017950057983
735,0.5511972904205322,0.2247011810541153,0.22410151362419128
736,0.5521208047866821,0.22244474291801453,0.22543451189994812
737,0.4688090682029724,0.28197187185287476,0.24921904504299164
738,0.22386431694030762,0.22955064475536346,0.5465850234031677
739,0.5535261631011963,0.22907182574272156,0.21740204095840454
